<?xml version="1.0" encoding="UTF-8" standalone="yes"?>
<addon id="repository.snadezh" name="[B][COLOR orange]Snadezh[/COLOR][/B]" version="2.4" provider-name="KavaN">
	<extension point="xbmc.addon.repository" name="Snadezh Repo">
		<info compressed="true">https://github.com/k1bkc/snasdezh/raw/master/addons.xml</info>
		<checksum>https://github.com/k1bkc/snasdezh/raw/master/addons.xml.md5</checksum>
		<datadir zip="true">https://github.com/k1bkc/snasdezh/raw/master/zips/</datadir>
	</extension>
	<extension point="xbmc.addon.metadata">
     <summary lang="en">Kurdish and Persian  Live TV Channels + Movies And Series...</summary>
    <description lang="en">
	(+31)657676760
	</description>
    <platform>all</platform>
  </extension>
</addon>