<?xml version="1.0" encoding="UTF-8" standalone="yes"?>
<addon id="plugin.video.snadezh" name="[B][COLOR gold]_Snadezh_[/COLOR][/B]" version="5.5.5" provider-name="[COLOR gold]KavaN[/COLOR]">
  <requires>
    <import addon="xbmc.python" version="2.1.0"/>
    <import addon="script.module.beautifulsoup" version="3.2.1"/>
    <import addon="script.module.simple.downloader" version="1.9.5"/>
    <import addon="script.module.beautifulsoup4" />
    <import addon="script.module.requests" />
    <import addon="script.module.httplib2" />
    <import addon="script.module.youtube.dl" optional="true"/>
    <import addon="plugin.video.youtube" optional="true" />
    <import addon="script.module.simplejson" />    
    <import addon="script.module.livestreamer" optional="true"/>
    <import addon="script.module.pyamf" optional="true"/>
    <import addon="script.module.urlresolver" version="5.0.44"/>
    <import addon="script.module.metahandler" optional="true" />
    <import addon="plugin.video.live.streamspro" version="2.9.0" />
    <import addon="plugin.video.f4mTester" version="2.7.2"/>
    <import addon="repository.snadezh" version="2.2"/>
  </requires>
  <extension point="xbmc.python.pluginsource" library="default.py">
    <provides>video</provides>
  </extension>
  <extension point="xbmc.addon.metadata">
     <summary lang="en">Kurdish and Persian  Live TV Channels + Movies And Series...</summary>
    <description lang="en">
	
	</description>
    <platform>all</platform>
  </extension>
</addon>