<?xml version="1.0" encoding="UTF-8" standalone="yes"?>
<addon id="repository.snadezh" name="[B][COLOR orange]Snadezh[/COLOR][/B]" version="2.3" provider-name="KavaN">
	<extension point="xbmc.addon.repository" name="Snadezh Repository">
	 <dir>
        <info compressed="false">https://github.com/tvaddonsco/tva-resolvers-repo/raw/master/addons.xml</info>
        <checksum>https://github.com/tvaddonsco/tva-resolvers-repo/raw/master/addons.xml.md5</checksum>
        <datadir zip="true">https://github.com/tvaddonsco/tva-resolvers-repo/raw/master/zips/</datadir>
    </dir> 
        <info compressed="false">https://github.com/k1bkc/snasdezh/raw/master/addons.xml</info>
        <checksum>https://github.com/k1bkc/snasdezh/raw/master/addons.xml.md5</checksum>
        <datadir zip="true">https://github.com/k1bkc/snasdezh/</datadir>
	</extension>
	<extension point="xbmc.addon.metadata">
     <summary lang="en">Kurdish and Persian  Live TV Channels + Movies And Series...</summary>
    <description lang="en">
	(+31)657676760
	</description>
    <platform>all</platform>
  </extension>
</addon>
https://github.com/k1bkc/snasdezh